baseline,fold,ticker,CAGR,AnnVol,Sharpe,Sortino,MaxDrawdown,Calmar,WinRate,FinalEquity,TotalReturn,Turnover,Gross_CAGR,Gross_AnnVol,Gross_Sharpe,Gross_Sortino,Gross_MaxDrawdown,Gross_Calmar,Gross_WinRate,Gross_FinalEquity,Gross_TotalReturn,params
RandomForest,0,NVDA,-0.1018690795346349,0.2000618523044018,-0.4365337859392057,-0.5463696199820092,-0.4589483888859355,-0.2219619504099685,0.4429260450160772,58588.07144754842,-0.4141192855245158,0.3379524080113387,-0.0466831765034513,0.2001218717214756,-0.1385103626945338,-0.1720711329490554,-0.3739656669346206,-0.1248327871542625,0.4677938808373591,78828.02345849069,-0.2117197654150932,"{'n_estimators': 150, 'max_depth': 7, 'min_samples_leaf': 45, 'max_features': 0.5}"
RandomForest,0,AAPL,-0.0067776594678837,0.1260843315980503,0.0075509419222558,0.0108144783601828,-0.230057988809666,-0.0294606568672177,0.4670418006430868,96672.44879216592,-0.0332755120783406,0.2065364252827858,0.0300648036245945,0.1261745783101845,0.296296459919051,0.4172534150829217,-0.1792638558370496,0.1677125792269209,0.5036261079774376,115882.12249361609,0.1588212249361607,"{'n_estimators': 400, 'max_depth': 6, 'min_samples_leaf': 5, 'max_features': 'log2'}"
RandomForest,0,MSFT,-0.0261188252194237,0.097098594761521,-0.224146222101003,-0.2966368994115805,-0.2076875461707297,-0.1257601897706123,0.4565916398713826,87660.41496074927,-0.1233958503925072,0.2114463768527748,0.0109126456713941,0.0969156181076524,0.1602926132345605,0.2107954844782282,-0.1360798076780882,0.0801929827620658,0.4867256637168141,105549.43597950436,0.0554943597950436,"{'n_estimators': 350, 'max_depth': 10, 'min_samples_leaf': 9, 'max_features': 0.5}"
RandomForest,0,JPM,-0.0630669442114445,0.0955175507767048,-0.6337544840518685,-0.7010525605856469,-0.3079062245033075,-0.2048251681601424,0.4638263665594855,72313.00565655195,-0.2768699434344805,0.2319564445140357,-0.0239187862679161,0.0954301290596958,-0.2055698707673462,-0.2223819199792273,-0.1934411081176946,-0.1236489311949313,0.5060337892196299,88650.27867916884,-0.1134972132083116,"{'n_estimators': 450, 'max_depth': 7, 'min_samples_leaf': 42, 'max_features': 'log2'}"
RandomForest,0,BAC,-0.0746824999676145,0.1081311476516386,-0.663576383437,-0.8027979356921084,-0.3865765555293744,-0.1931894184978316,0.4630225080385852,67960.4865868931,-0.320395134131069,0.2478334455118855,-0.0333116748747098,0.1080304697165988,-0.2595143405450023,-0.3065291973199414,-0.2912897549928032,-0.114359239567258,0.5064724919093851,84485.59945703148,-0.1551440054296852,"{'n_estimators': 100, 'max_depth': 9, 'min_samples_leaf': 32, 'max_features': 0.5}"
RandomForest,0,MS,-0.0517158410327938,0.1082341466479061,-0.4358112180448429,-0.4679484291663064,-0.3837194287573764,-0.1347751433912757,0.4332797427652733,76778.84280104571,-0.2322115719895429,0.1652990503141712,-0.0236493771205803,0.108217220627846,-0.1664328718179423,-0.1752744954100061,-0.3255734741320103,-0.072639139855083,0.4689766317485898,88772.10518749681,-0.1122789481250319,"{'n_estimators': 450, 'max_depth': 4, 'min_samples_leaf': 13, 'max_features': 0.5}"
RandomForest,0,CAT,-0.0612139370087734,0.1142109493766058,-0.4955742373525632,-0.5463014651042923,-0.3600454238293274,-0.1700172615936113,0.4823151125401929,73027.48481089415,-0.2697251518910585,0.1870023723967927,-0.0297193379739527,0.1141882128903751,-0.206788293170842,-0.2242565809985833,-0.2825398783789546,-0.1051863480102865,0.5144694533762058,86059.50554296316,-0.1394049445703683,"{'n_estimators': 400, 'max_depth': 8, 'min_samples_leaf': 5, 'max_features': 'sqrt'}"
RandomForest,0,RTX,-0.04622997502095,0.0705469618648063,-0.6354314184140801,-0.672452613396606,-0.2676261028929635,-0.1727409042736,0.4485530546623794,79014.67954737086,-0.2098532045262914,0.164295455589786,-0.0181717803619085,0.0704559426050715,-0.2249070424810272,-0.2319655792274446,-0.1780218816069178,-0.102076105464568,0.5008103727714749,91278.22427376828,-0.0872177572623172,"{'n_estimators': 450, 'max_depth': 4, 'min_samples_leaf': 13, 'max_features': 0.5}"
RandomForest,0,BA,0.0238044404148984,0.1468409491922612,0.2334742499542121,0.3059919503061463,-0.2721261132140693,0.0874757667823396,0.4581993569131832,112419.534335201,0.1241953433520099,0.2153709355065796,0.0634485125485688,0.1468191593617354,0.492272356092954,0.6349898837944089,-0.2252841656459105,0.2816376924079689,0.4919484702093398,135814.52976860077,0.3581452976860078,"{'n_estimators': 150, 'max_depth': 7, 'min_samples_leaf': 42, 'max_features': 'sqrt'}"
LSTM,0,NVDA,-0.090800018094196,0.2058967690223126,-0.359228549521277,-0.4477827661257041,-0.5613629394404238,-0.1617492208956776,0.4959807073954984,62270.362168142165,-0.3772963783185783,0.1546622522755952,-0.0656566574996966,0.2059693710827763,-0.2266432923506236,-0.2813468003901361,-0.5363710063984137,-0.1224090353812435,0.5072463768115942,71323.83777786963,-0.2867616222213037,"{'lookback': 20, 'hidden_size': 64, 'num_layers': 1, 'dropout': 0.2406590942262119, 'lr': 0.00013386261584543918, 'epochs': 30}"
LSTM,0,AAPL,-0.0360197017765474,0.1194209787987103,-0.2489884975043962,-0.3745798513152649,-0.3163323576608118,-0.1138666371120012,0.4581993569131832,83314.40922203031,-0.1668559077796968,0.1939025037453558,-0.0024586246786413,0.1193008859068,0.0374678825317148,0.0557846752716847,-0.2531653333344941,-0.0097115376985397,0.4907332796132151,98782.50720075265,-0.0121749279924736,"{'lookback': 20, 'hidden_size': 64, 'num_layers': 1, 'dropout': 0.2406590942262119, 'lr': 0.00013386261584543918, 'epochs': 30}"
LSTM,0,MSFT,0.0003477510770746,0.0985974589969203,0.0523053610819698,0.074004837740835,-0.1745901096317527,0.0019918143004097,0.4581993569131832,100173.16723961578,0.0017316723961577,0.1707148508683659,0.0309390777733804,0.0985025640170792,0.3580746931791823,0.5015094405391015,-0.1346542575834064,0.229766799272696,0.4891391794046661,116372.38576277028,0.1637238576277027,"{'lookback': 20, 'hidden_size': 16, 'num_layers': 1, 'dropout': 0.20452873209225375, 'lr': 0.00223691486286103, 'epochs': 25}"
LSTM,0,JPM,0.0888774285914799,0.0960744398524935,0.9343894382386404,1.256495396807068,-0.1347491729432562,0.6595768022183468,0.495176848874598,152761.7147354935,0.5276171473549349,0.0659038088959355,0.1016032582270407,0.0960971635519213,1.055144293799286,1.410839119703217,-0.1271556264678551,0.7990464995485352,0.5092518101367659,161854.75345514374,0.6185475345514375,"{'lookback': 20, 'hidden_size': 16, 'num_layers': 2, 'dropout': 0.1553060310825588, 'lr': 0.0003705159958468014, 'epochs': 17}"
LSTM,0,BAC,-0.0446881418160212,0.1099576586209391,-0.360762961241716,-0.4406097785939435,-0.3242216213876434,-0.1378320841921628,0.4646302250803859,79652.34703317923,-0.2034765296682076,0.1102146640388248,-0.0259339417412108,0.1099948233374968,-0.1838885066143996,-0.2213465198491556,-0.2856905958679699,-0.0907763227642119,0.4927184466019417,87743.25810290183,-0.1225674189709816,"{'lookback': 20, 'hidden_size': 32, 'num_layers': 2, 'dropout': 0.09351332282682329, 'lr': 0.0007648565112369949, 'epochs': 21}"
LSTM,0,MS,-0.0025195072432646,0.1065325744443585,0.029297728129744,0.038424243848505,-0.210696285991501,-0.0119580050090028,0.4742765273311897,98752.50961081336,-0.0124749038918662,0.1923147550602644,0.0318902733097057,0.106619177580739,0.3474561147089127,0.4499858763546908,-0.1745275812143681,0.1827234015839344,0.5092667203867849,116907.66496154384,0.1690766496154383,"{'lookback': 20, 'hidden_size': 32, 'num_layers': 1, 'dropout': 0.17750509077901788, 'lr': 0.0009373059100587744, 'epochs': 26}"
LSTM,0,CAT,0.0131303202990735,0.1175338321198126,0.169744984351906,0.2202083398829319,-0.2721494617323408,0.0482467252203763,0.4807073954983923,106706.69670253212,0.0670669670253212,0.0829709291753824,0.028067971961172,0.1175234398021381,0.2942974649037235,0.3792350173079849,-0.2604249005505151,0.1077776046063139,0.495176848874598,114768.55496647612,0.1476855496647613,"{'lookback': 20, 'hidden_size': 32, 'num_layers': 2, 'dropout': 0.18830641361783407, 'lr': 0.0014644547572229502, 'epochs': 23}"
LSTM,0,RTX,-0.0931281370123172,0.0911033425765865,-1.0268141917521916,-1.0287026455916783,-0.3999260038508817,-0.2328634200216734,0.4581993569131832,61480.9328898318,-0.385190671101682,0.2460410427299068,-0.0528684220440003,0.0908790986893567,-0.5517722541191727,-0.53198790364395,-0.3008188654080255,-0.1757483593068224,0.5145867098865479,76315.58569714922,-0.2368441430285078,"{'lookback': 20, 'hidden_size': 16, 'num_layers': 1, 'dropout': 0.29097295564859826, 'lr': 0.002595942550311264, 'epochs': 14}"
LSTM,0,BA,0.0087622807681702,0.1579186825833345,0.1345026511156835,0.1593790876224162,-0.2785412677560293,0.031457747136575,0.4758842443729904,104436.8980732151,0.044368980732151,0.1796350822124589,0.0412413191235201,0.1578956606359511,0.3352094019383153,0.3901819470209536,-0.2327016811559633,0.1772282818011917,0.5048309178743962,122275.3960453313,0.222753960453313,"{'lookback': 20, 'hidden_size': 64, 'num_layers': 1, 'dropout': 0.1757944499732458, 'lr': 0.00043910217747736454, 'epochs': 11}"
TCN,0,NVDA,-0.1620394613637833,0.1786129088908967,-0.9001819188899661,-1.1030522676715846,-0.6046463967886966,-0.2679904523112715,0.4782958199356913,41490.23040329946,-0.5850976959670053,0.2398138412195018,-0.1257867906517215,0.1784993301827564,-0.6637613113253662,-0.8069996431093798,-0.518283369260312,-0.2426988750019953,0.501610305958132,51224.40053607382,-0.4877559946392618,"{'lookback': 20, 'n_channels': 64, 'n_layers': 2, 'kernel_size': 3, 'dropout': 0.2406590942262119, 'lr': 0.00013386261584543918, 'epochs': 30}"
TCN,0,AAPL,0.004265719189014,0.1099093878859267,0.0935326136220531,0.1283697105087727,-0.1284025170288755,0.0332214608227251,0.4662379421221865,102140.78137755967,0.0214078137755968,0.1115946403341721,0.0242253659765885,0.1099517036545062,0.2725324471522239,0.3704230512362386,-0.11980975847479,0.2021986045626321,0.4899274778404512,112649.722003396,0.12649722003396,"{'lookback': 20, 'n_channels': 16, 'n_layers': 1, 'kernel_size': 5, 'dropout': 0.19126724140656393, 'lr': 0.003216235469207423, 'epochs': 19}"
TCN,0,MSFT,-0.0997074091812041,0.1022083522723123,-0.9760556139516994,-1.148578367165724,-0.4263729337532461,-0.233850231306914,0.4533762057877814,59293.144518189685,-0.4070685548181031,0.138122928707908,-0.0774877744662986,0.1021447144970526,-0.7381307175345224,-0.8563599285892426,-0.3605439586912323,-0.2149190760194062,0.4843121480289621,66941.37806153057,-0.3305862193846942,"{'lookback': 20, 'n_channels': 32, 'n_layers': 1, 'kernel_size': 5, 'dropout': 0.10266824627884982, 'lr': 0.00033529741564246166, 'epochs': 29}"
TCN,0,JPM,-0.0085414660649564,0.0932462099829604,-0.0453326979270805,-0.0558497167935283,-0.1719475852346914,-0.0496748241814397,0.4742765273311897,95821.17179541332,-0.0417882820458668,0.1995227415962166,0.0269876264955717,0.0931072045164968,0.3326134589518568,0.4033728526566019,-0.1464925794100614,0.1842252119817488,0.5060337892196299,114169.656215104,0.1416965621510399,"{'lookback': 20, 'n_channels': 32, 'n_layers': 3, 'kernel_size': 3, 'dropout': 0.15602040635334324, 'lr': 0.000848876216140871, 'epochs': 13}"
TCN,0,BAC,-0.1390153096536754,0.106708718518045,-1.3488168170918255,-1.624328371267859,-0.5474412053859044,-0.2539365109640957,0.4461414790996784,47481.54842358859,-0.5251845157641142,0.1547914838170723,-0.1151551491520914,0.1065754827710421,-1.0942976122629775,-1.302196813905912,-0.484184119846555,-0.2378333869945709,0.4741100323624595,54400.22652906661,-0.4559977347093339,"{'lookback': 20, 'n_channels': 16, 'n_layers': 1, 'kernel_size': 5, 'dropout': 0.19126724140656393, 'lr': 0.003216235469207423, 'epochs': 19}"
TCN,0,MS,0.0323642187728372,0.1069104686753742,0.3513910695379217,0.4530887384039517,-0.175165925196258,0.1847632108617927,0.4911575562700964,117175.1080629762,0.1717510806297619,0.141010912347234,0.0583663037304502,0.106869527022365,0.5842798280339059,0.7460668576987276,-0.1538216528759081,0.3794414026842883,0.5141015310233682,132615.24443745948,0.3261524443745947,"{'lookback': 20, 'n_channels': 32, 'n_layers': 3, 'kernel_size': 3, 'dropout': 0.15602040635334324, 'lr': 0.000848876216140871, 'epochs': 13}"
TCN,0,CAT,-0.090292774198277,0.1127556483479472,-0.7822933800219376,-0.8792805752172675,-0.4584863198665726,-0.1969366811741598,0.477491961414791,62443.43045723558,-0.3755656954276442,0.1321614624412823,-0.0688070542027475,0.1125683461662426,-0.5764916825925555,-0.6434901206261162,-0.4021942706369904,-0.1710791506148802,0.4943729903536977,70135.11884693279,-0.2986488115306721,"{'lookback': 20, 'n_channels': 32, 'n_layers': 1, 'kernel_size': 5, 'dropout': 0.15742692948967135, 'lr': 0.0005418282319533242, 'epochs': 16}"
TCN,0,RTX,-0.1296356676889369,0.0881251113295172,-1.5308204515135932,-1.6943428028723837,-0.5013865595187026,-0.2585543334336255,0.4316720257234727,50111.92830579058,-0.4988807169420942,0.215059265954795,-0.0959567919895812,0.0880146083112356,-1.1017178859424956,-1.1840167165337587,-0.3984013609599472,-0.2408545788055884,0.4878444084278768,60532.5616753157,-0.394674383246843,"{'lookback': 20, 'n_channels': 16, 'n_layers': 2, 'kernel_size': 3, 'dropout': 0.15427033152408348, 'lr': 0.0010150667045928582, 'epochs': 10}"
TCN,0,BA,-0.0124934286200212,0.1470519399413001,-0.0120895028096725,-0.015447613514159,-0.2728661902083446,-0.0457859165713494,0.4678456591639871,93935.54767147182,-0.0606445232852818,0.2629954786158468,0.0343975949510824,0.1470638557044072,0.3033690186691481,0.3811216713200185,-0.2200893430106284,0.1562892345469962,0.5024154589371981,118328.07739186483,0.1832807739186484,"{'lookback': 20, 'n_channels': 16, 'n_layers': 2, 'kernel_size': 5, 'dropout': 0.002090294663147939, 'lr': 0.0002999193178543648, 'epochs': 10}"
TFT,0,NVDA,-0.0568303290593736,0.232423621984049,-0.1353847745553276,-0.1642642756499985,-0.5203083056486495,-0.1092243357301886,0.5040192926045016,74740.17986689477,-0.2525982013310522,0.0609911740755732,-0.0466268461680606,0.2324300102314473,-0.0890925252556321,-0.1075868111808987,-0.5074744038662825,-0.0918801929965844,0.5136876006441223,78851.20454197514,-0.2114879545802486,"{'d_model': 16, 'lookback': 20, 'n_heads': 4, 'lstm_layers': 2, 'dropout': 0.19625079178215682, 'lr': 0.0006846665620681799, 'epochs': 10}"
TFT,0,AAPL,-0.0331947196398242,0.1218767693081133,-0.216265465602391,-0.2699190634843187,-0.3598901270974346,-0.0922357051235175,0.495176848874598,84536.47597013293,-0.1546352402986707,0.0543346150034386,-0.023879796341453,0.1218543365068361,-0.1376488572730176,-0.1708518068194143,-0.3469016115969601,-0.0688373750456867,0.5052377115229654,88667.90160658164,-0.1133209839341835,"{'d_model': 24, 'lookback': 20, 'n_heads': 2, 'lstm_layers': 1, 'dropout': 0.1166031869068446, 'lr': 0.0002516607127550297, 'epochs': 23}"
TFT,0,MSFT,-0.0118865807350223,0.1117572975085723,-0.0510772713496349,-0.0643031315172973,-0.2196302574960617,-0.0541208705509781,0.4911575562700964,94223.1533177951,-0.0577684668220489,0.0446933255246818,-0.0040666077869301,0.1117698298040947,0.019465403286558,0.024405102938474,-0.1992512844651718,-0.0204094432708209,0.501206757843926,97992.67321678362,-0.0200732678321637,"{'d_model': 24, 'lookback': 20, 'n_heads': 4, 'lstm_layers': 2, 'dropout': 0.10405526742198656, 'lr': 0.00010753360320325808, 'epochs': 10}"
TFT,0,JPM,-0.0073192236443588,0.101856113839696,-0.0211006072707266,-0.0255118491747431,-0.1551890342019679,-0.0471632785267122,0.4991961414790997,96410.43003838816,-0.0358956996161184,0.0589968467644905,0.0030719300873987,0.1017983134441146,0.081119398088414,0.0973705277999682,-0.1428801606192722,0.0215000464311092,0.5148833467417538,101538.01533317153,0.015380153331715,"{'d_model': 16, 'lookback': 20, 'n_heads': 4, 'lstm_layers': 2, 'dropout': 0.19126724140656393, 'lr': 0.002044187835249379, 'epochs': 17}"
TFT,0,BAC,0.0543614801352354,0.1059418021595544,0.5527090627792434,0.6854382489683815,-0.1620480262470054,0.3354652407328536,0.5160771704180064,130136.84862207476,0.3013684862207477,0.048884805487827,0.0634915559500717,0.1059358974023585,0.6341407918946685,0.7807055222293322,-0.1572893267484969,0.4036609302269675,0.529126213592233,135841.88675743277,0.3584188675743278,"{'d_model': 16, 'lookback': 20, 'n_heads': 2, 'lstm_layers': 2, 'dropout': 0.22152166341750623, 'lr': 0.0007795994757312443, 'epochs': 25}"
TFT,0,MS,-0.040056001740934,0.118877296020393,-0.2842801890800825,-0.3426646116389152,-0.3229140931008029,-0.1240453810990216,0.4807073954983923,81592.8691568677,-0.184071308431323,0.0421825485263178,-0.032883167119426,0.1188598305199493,-0.2217187969617766,-0.2661057189661228,-0.3122505135369544,-0.1053102098918866,0.4883158742949234,84672.12341785956,-0.1532787658214044,"{'d_model': 16, 'lookback': 20, 'n_heads': 2, 'lstm_layers': 2, 'dropout': 0.24828035381621139, 'lr': 0.0028995693482287673, 'epochs': 21}"
TFT,0,CAT,0.0046580268487046,0.1262540820031917,0.1001440647299429,0.1217133525561483,-0.3648353033190892,0.012767478383611,0.495176848874598,102339.48766436412,0.0233948766436411,0.0473280219071954,0.0130805326485572,0.1262543016636279,0.1662696616936263,0.2008389483900686,-0.3581697470705207,0.0365204843668211,0.5080385852090032,106680.60499147032,0.0668060499147031,"{'d_model': 32, 'lookback': 20, 'n_heads': 2, 'lstm_layers': 2, 'dropout': 0.057903158187259864, 'lr': 0.00046610718757989053, 'epochs': 19}"
TFT,0,RTX,-0.0170657593606882,0.0984078757800287,-0.1257147734294156,-0.150707342484944,-0.2088597395723235,-0.0817091862492662,0.4967845659163987,91791.04394147484,-0.0820895605852514,0.0624215852332017,-0.0061808339427622,0.0983952403088597,-0.0138233939766814,-0.0163645779271836,-0.1834830253104561,-0.0336861349016029,0.5178282009724473,96961.86273566433,-0.0303813726433568,"{'d_model': 16, 'lookback': 20, 'n_heads': 4, 'lstm_layers': 2, 'dropout': 0.19625079178215682, 'lr': 0.0006846665620681799, 'epochs': 10}"
TFT,0,BA,-0.0151296735644718,0.1562853753133898,-0.0193643584234716,-0.0242942020687759,-0.2820356988751444,-0.0536445337409915,0.5,92694.27343033029,-0.0730572656966972,0.0507093232276364,-0.0062797681143473,0.1562860822998558,0.0378713095007646,0.0473177444069189,-0.2748146835210644,-0.0228509191499079,0.5088566827697263,96913.83955214902,-0.0308616044785098,"{'d_model': 32, 'lookback': 20, 'n_heads': 4, 'lstm_layers': 1, 'dropout': 0.2960660809801552, 'lr': 0.0013826083091896747, 'epochs': 13}"
ARIMAX,0,NVDA,0.0107362499905223,0.1811911851209623,0.1485855537690371,0.2183727597418375,-0.3465238150031304,0.0309827190100206,0.4710610932475884,105457.81887309167,0.0545781887309169,0.4070713578397477,0.085938095954744,0.1814012163730841,0.5442619519107432,0.7987617211456752,-0.2392035457867364,0.3592676507870945,0.499194847020934,150720.67938812292,0.5072067938812292,"{'p': 1, 'd': 1, 'q': 2, 'trend': 'n'}"
ARIMAX,0,AAPL,-0.0990197773570896,0.1165924528022009,-0.8364108869723059,-1.072798812999098,-0.406831510657614,-0.2433925956153968,0.4421221864951768,59518.84539058589,-0.404811546094141,0.3536662073988301,-0.0409816654875181,0.1164324198558379,-0.3017413699802134,-0.3783742093789244,-0.2401519379298352,-0.1706489060250335,0.4987912973408541,81202.09667683719,-0.1879790332316281,"{'p': 0, 'd': 1, 'q': 1, 'trend': 'n'}"
ARIMAX,0,MSFT,0.0020458876586546,0.0971728271448839,0.0692852452746938,0.0987373474819432,-0.1483549979284257,0.013790486921389,0.4654340836012862,101022.2220100068,0.0102222201000679,0.3196749574031012,0.0601769352285843,0.0971058032529714,0.6500466865428479,0.9102974600748844,-0.0951467643055786,0.632464337256039,0.5285599356395817,133748.0663111374,0.337480663111374,"{'p': 2, 'd': 0, 'q': 0, 'trend': 'n'}"
ARIMAX,0,JPM,-0.1095461152273196,0.0929602060018558,-1.2011131561405586,-1.3686184853136458,-0.4652269141610164,-0.2354681380050281,0.4348874598070739,56137.99435352052,-0.4386200564647948,0.3631217861748746,-0.0506129523915789,0.0928934376643727,-0.5124263300180787,-0.5714393195784851,-0.3107065201533098,-0.1628963317750954,0.49396621078037,77224.2281335489,-0.227757718664511,"{'p': 1, 'd': 1, 'q': 2, 'trend': 'n'}"
ARIMAX,0,BAC,-0.1740396963551731,0.0996829444808321,-1.8671443982087448,-2.0065743680992716,-0.6269767297350368,-0.2775855755104708,0.4172025723472669,38616.511539025014,-0.6138348846097499,0.3371414899668852,-0.1233616389014148,0.0993295059802782,-1.2750561004433756,-1.3405152786371086,-0.5141666943538676,-0.2399253787848674,0.4644012944983818,51935.43495804188,-0.4806456504195812,"{'p': 2, 'd': 1, 'q': 2, 'trend': 'c'}"
ARIMAX,0,MS,-0.1758374469492662,0.1060075282719045,-1.770323172751901,-1.9893968083719769,-0.628496152040582,-0.2797748981888953,0.4252411575562701,38200.06331688969,-0.6179993668311031,0.3523228363879413,-0.1229250179086187,0.1057127602606183,-1.18734800924342,-1.3111431174786818,-0.5241495852144709,-0.2345227800920999,0.475423045930701,52064.282146663776,-0.4793571785333622,"{'p': 2, 'd': 1, 'q': 2, 'trend': 'c'}"
ARIMAX,0,CAT,-0.1376923451896465,0.1029258544346163,-1.3872449533633828,-1.615162432433641,-0.5563594209966578,-0.2474881164823013,0.4180064308681672,47845.71603603832,-0.5215428396396168,0.358022023685289,-0.0814087993894742,0.1025224427288523,-0.7766912788797748,-0.88970447199692,-0.4147654329042213,-0.1962767215663156,0.4710610932475884,65537.4358200088,-0.3446256417999119,"{'p': 0, 'd': 1, 'q': 1, 'trend': 'n'}"
ARIMAX,0,RTX,-0.0604872996366289,0.0886909434219134,-0.6590096846962727,-0.780315611058562,-0.3324507214952845,-0.1819436557832432,0.4252411575562701,73309.19511760987,-0.2669080488239013,0.378078151057174,0.0043210209934698,0.0886607409742835,0.0929926266800186,0.1060830204655686,-0.1312135957474658,0.0329311986982364,0.4991896272285251,102168.77340668892,0.0216877340668892,"{'p': 0, 'd': 1, 'q': 1, 'trend': 'n'}"
ARIMAX,0,BA,-0.0954770206399706,0.1326912543789351,-0.6893334039786159,-0.7722438953705838,-0.440178084937043,-0.2169054387467435,0.452572347266881,60692.58724524176,-0.3930741275475824,0.3334714661742697,-0.0406524381435563,0.1326884901978369,-0.2460209425656327,-0.26940784825106,-0.2820275458522102,-0.1441435020849321,0.4975845410628019,81340.90951542818,-0.1865909048457181,"{'p': 0, 'd': 1, 'q': 1, 'trend': 'n'}"
SingleAgentA2C,0,PORTFOLIO,0.2191712592583827,0.2036999851433384,1.0749777099331443,1.4762088125283264,-0.2509283083719955,0.8734417439002791,0.5307262569832403,268086.17627330974,1.6808617627330973,0.0004873294346978,0.2193102839752734,0.2037342838716344,1.075391076328665,1.4770150439239416,-0.2509545982300194,0.8739042261909801,0.529928172386273,268238.33510916115,1.6823833510916115,{'rollout_len': 20}
SingleAgentA2C,0,NVDA,0.7075206709244928,0.5222299639532647,1.2838571509218633,2.069477315151448,-0.6633510012615962,1.0665856681890769,0.5371702637889688,159240.97089914177,13.33168738092276,0.0007974481658692,0.7077557454644565,0.5222351395616907,1.2841137884102634,2.069911508557211,-0.6633510012615961,1.0669400424788824,0.5371702637889688,159350.09239342247,13.341508315408024,
SingleAgentA2C,0,AAPL,0.0,0.0,0.0,0.0,0.0,0.0,0.0,11111.111111111111,0.0,0.0,0.0,0.0,0.0,0.0,0.0,0.0,0.0,11111.111111111111,0.0,
SingleAgentA2C,0,MSFT,-0.1041869192375345,0.1285569221896596,-0.7913120234566785,-1.1289954779736338,-0.4561517685213802,-0.22840406730255,0.4752396166134185,6426.613328108597,-0.4216048004702263,0.0003987240829346,-0.1041238686373138,0.1285567833305006,-0.7907657664215515,-1.1281150547596472,-0.4561517685213786,-0.2282658444465371,0.4752396166134185,6428.864516093391,-0.4214021935515948,
SingleAgentA2C,0,JPM,-0.2404569794940508,0.2427406236222584,-1.010775379843729,-1.4728930116139891,-0.7588640208690869,-0.316864382658,0.4608626198083067,2827.244502188448,-0.7455479948030397,0.0007974481658692,-0.2403495046920262,0.2427378292816468,-1.0102075021207793,-1.4719742685319763,-0.7588640208690867,-0.3167227567552441,0.4608626198083067,2829.2358027376044,-0.7453687777536155,
SingleAgentA2C,0,BAC,0.1580728147392871,0.2705126322894092,0.6778389008392846,1.0166998347006575,-0.466429288304959,0.3388998476355039,0.5132530120481927,23063.18614310008,1.0756867528790073,0.0007974481658692,0.158234549931324,0.2705160572565247,0.6783503243825574,1.0174798080392002,-0.4664292883049581,0.3392465994285247,0.5132530120481927,23079.21880173349,1.077129692156014,
SingleAgentA2C,0,MS,0.1306336872715916,0.1415724943816147,0.938095831953281,1.3738082002588434,-0.1729736293771029,0.7552231385906506,0.5328,20469.042451185534,0.8422138206066985,0.0003987240829346,0.1307125574240324,0.1415763656025488,0.938566979462421,1.374535764025421,-0.1729736293771032,0.7556791049291298,0.5328,20476.148783480476,0.8428533905132427,
SingleAgentA2C,0,CAT,0.1457644512366456,0.1464423107689835,1.0024101324039087,1.5294731874507523,-0.1840359039856445,0.7920435528059556,0.5291300877893057,21868.91197800304,0.9682020780202738,0.0003987240829346,0.1458447270452294,0.1464439125061209,1.0028794542727215,1.530206013495043,-0.1840359039856446,0.792479749259176,0.5291300877893057,21876.537577836552,0.9688883820052896,
SingleAgentA2C,0,RTX,0.0,0.0,0.0,0.0,0.0,0.0,0.0,11111.111111111111,0.0,0.0,0.0,0.0,0.0,0.0,0.0,0.0,0.0,11111.111111111111,0.0,
SingleAgentA2C,0,BA,0.015040992244683,0.368187128140728,0.2244860018704342,0.3224242117770354,-0.569597683570843,0.026406343773012,0.4996003197442046,11967.98474936002,0.0771186274424018,0.0007974481658692,0.0151778214795152,0.3682036742617492,0.2248579576478431,0.3229729570908701,-0.569597683570843,0.0266465646144566,0.4996003197442046,11976.015011634909,0.0778413510471416,
SingleAgentPPO,0,PORTFOLIO,0.2178575174695223,0.1944030493959026,1.1112612380425335,1.5451028634045216,-0.2317393568015022,0.9400971871002882,0.5315243415802074,266651.7232866322,1.666517232866322,0.0003544214070529,0.2179822960711483,0.1944443138546804,1.111593872987093,1.545597940837861,-0.2317752462133175,0.9404899773918278,0.5315243415802074,266787.7028014178,1.667877028014178,"{'rollout_len': 16, 'clip_eps': 0.17327236865873835, 'gae_lambda': 0.9410462985795333}"
SingleAgentPPO,0,NVDA,0.7075206709244928,0.5222299639532647,1.2838571509218633,2.069477315151448,-0.6633510012615962,1.0665856681890769,0.5371702637889688,159240.97089914177,13.33168738092276,0.0007974481658692,0.7077557454644565,0.5222351395616907,1.2841137884102634,2.069911508557211,-0.6633510012615961,1.0669400424788824,0.5371702637889688,159350.09239342247,13.341508315408024,
SingleAgentPPO,0,AAPL,0.0912320104047348,0.1393055337264299,0.6962508326391493,1.0230610715347015,-0.1796142181562706,0.5079331210035933,0.532,17156.954060835895,0.5441258654752306,0.0003987240829346,0.0913083065200455,0.1393083743665341,0.6967415219498436,1.0238029598178606,-0.1796142181562705,0.5083578987082423,0.532,17162.924178366517,0.5446631760529865,
SingleAgentPPO,0,MSFT,0.0978181711665022,0.1285568359603725,0.7902183311521241,1.171519721475169,-0.1959839926122489,0.4991130646064236,0.5247603833865815,17678.465103089533,0.5910618592780579,0.0003987240829346,0.0978953651343352,0.1285567833305006,0.7907657664215515,1.172330828901088,-0.1959839926122517,0.4995069435493041,0.5247603833865815,17684.65174832728,0.5916186573494551,
SingleAgentPPO,0,JPM,0.1220514719379828,0.1213677202863347,1.0096379241291855,1.427924609144718,-0.2097663405893279,0.58184488319282,0.5391373801916933,19707.4579721601,0.7736712174944089,0.0003987240829346,0.1221301937144363,0.1213689146408234,1.0102075021207793,1.4287442195765203,-0.2097663405893284,0.5822201663589948,0.5391373801916933,19714.33926891787,0.7742905342026081,
SingleAgentPPO,0,BAC,0.0860312771181697,0.1352563161447046,0.6778389008392846,1.0166998347006575,-0.2555928538845754,0.3365950018188734,0.5132530120481927,16753.8941043481,0.5078504693913288,0.0003987240829346,0.0861073875808322,0.1352580286282623,0.6783503243825574,1.0174798080392002,-0.2555928538845741,0.3368927819074253,0.5132530120481927,16759.737634648944,0.5083763871184048,
SingleAgentPPO,0,MS,0.0,0.0,0.0,0.0,0.0,0.0,0.0,11111.111111111111,0.0,0.0,0.0,0.0,0.0,0.0,0.0,0.0,0.0,11111.111111111111,0.0,
SingleAgentPPO,0,CAT,0.0,0.0,0.0,0.0,0.0,0.0,0.0,11111.111111111111,0.0,0.0,0.0,0.0,0.0,0.0,0.0,0.0,0.0,11111.111111111111,0.0,
SingleAgentPPO,0,RTX,-0.242989341391679,0.2369264615473208,-1.056061744785333,-1.4675190556292266,-0.7625366094817899,-0.3186592464810463,0.4706355591311343,2780.6478137234453,-0.74974169676489,0.0007974481658692,-0.2428812434794471,0.236918246724342,-1.0555046138002948,-1.4667490681756428,-0.7625366094817909,-0.3185174855335874,0.4706355591311343,2782.6242444013815,-0.7495638180038757,
SingleAgentPPO,0,BA,0.0,0.0,0.0,0.0,0.0,0.0,0.0,11111.111111111111,0.0,0.0,0.0,0.0,0.0,0.0,0.0,0.0,0.0,11111.111111111111,0.0,
SingleAgentDQN,0,PORTFOLIO,0.0696766909077213,0.0985073390099864,0.7331345213816169,0.9816204676007638,-0.1709097836739912,0.4076811134500582,0.5075818036711891,139818.9938521871,0.398189938521871,0.0184742158426368,0.0735207793307668,0.0977625356436068,0.7746727189394316,1.0388607260354,-0.1677191397549253,0.4383565253088998,0.509976057462091,142337.29020958333,0.4233729020958332,"{'rollout_len': 32, 'epsilon_decay_frac': 0.6879639408647977}"
SingleAgentDQN,0,NVDA,0.3533507899542962,0.2841088518576155,1.207919576308595,1.757168183744334,-0.3716257295450418,0.95082434250955,0.5363709032773781,50081.87453112814,3.5073687078015325,0.0099681020733652,0.3557342272910924,0.2841017688464563,1.2141389283413344,1.767133959517263,-0.371202386162991,0.9583295812513803,0.5371702637889688,50522.31936724096,3.547008743051687,
SingleAgentDQN,0,AAPL,0.0107788842288749,0.1131008754230863,0.1497598015516736,0.0872069335078197,-0.222765111558034,0.0483867700533837,0.4195402298850574,11719.995176882696,0.0547995659194426,0.0430622009569378,0.0184829544754163,0.1131374619524562,0.216852459690105,0.1203906171437616,-0.2084374001921711,0.0886738870201595,0.4934210526315789,12171.2992406071,0.0954169316546389,
SingleAgentDQN,0,MSFT,-0.2107884087258914,0.2571138443793193,-0.7913120234566785,-1.1289954779736338,-0.72726959876187,-0.2898353087833524,0.4752396166134185,3421.1533489123026,-0.6920961985978928,0.0007974481658692,-0.2106772365079399,0.2571135666610013,-0.7907657664215515,-1.1281150547596472,-0.7272695987618705,-0.2896824463261001,0.4752396166134185,3423.5521485657055,-0.6918803066290865,
SingleAgentDQN,0,JPM,-0.1126943088159369,0.11644549938105,-0.9682988092725076,-1.3951589557001491,-0.4654181811321978,-0.242135596297058,0.4592592592592592,6128.584476839192,-0.4484273970844727,0.0099681020733652,-0.1111326107511366,0.1164512802013388,-0.9531510945879283,-1.3732723525161854,-0.4620398075998628,-0.2405260519184097,0.4638403990024937,6182.448728126875,-0.4435796144685813,
SingleAgentDQN,0,BAC,-0.1173070337788138,0.1810631822162682,-0.5987443949478476,-0.6102400309862247,-0.6199418231876928,-0.1892226486279472,0.419811320754717,5971.673656725607,-0.4625493708946954,0.1164274322169059,-0.0989566281818258,0.1809149017835201,-0.4857132584108321,-0.4880324649142467,-0.5972661049280108,-0.165682645248642,0.4604810996563573,6615.511907047368,-0.4046039283657369,
SingleAgentDQN,0,MS,-0.0033877206673855,0.1615416432463439,0.0597513967619121,0.0828072839089179,-0.3495844862168351,-0.0096907065414919,0.513189448441247,10925.057953918898,-0.0167447841472991,0.0570175438596491,0.0066879178712571,0.1615402408164787,0.1220143876002877,0.1693185511140862,-0.3242683231644457,0.0206246413648781,0.5164131305044035,11485.842240950657,0.0337258016855588,
SingleAgentDQN,0,CAT,0.2850629488829006,0.292884621537967,1.0024101324039087,1.5294731874507523,-0.3404715681164105,0.8372591886598731,0.5291300877893057,38706.69256814654,2.4836023311331887,0.0007974481658692,0.2852423266173896,0.2928878250122419,1.0028794542727215,1.530206013495043,-0.3404715681164096,0.8377860395081894,0.5291300877893057,38733.58609209804,2.4860227482888235,
SingleAgentDQN,0,RTX,-0.242989341391679,0.2369264615473208,-1.056061744785333,-1.4675190556292266,-0.7625366094817899,-0.3186592464810463,0.4706355591311343,2780.6478137234453,-0.74974169676489,0.0007974481658692,-0.2428812434794471,0.236918246724342,-1.0555046138002948,-1.4667490681756428,-0.7625366094817909,-0.3185174855335874,0.4706355591311343,2782.6242444013815,-0.7495638180038757,
SingleAgentDQN,0,BA,-0.0193165999895066,0.1013550210729902,-0.1418383127794735,-0.1136644420411557,-0.2439565251989857,-0.0791805014182377,0.3922077922077922,10083.314325910267,-0.0925017106680757,0.0374800637958532,-0.0128202303848843,0.1014523063686346,-0.0765339123875542,-0.0594500781999525,-0.2241339700374734,-0.0571989617760346,0.45,10420.106240545232,-0.062190438350929,
MultiAgentA2C,0,PORTFOLIO,0.2493749074609723,0.2027264736078136,1.199888317921337,1.6772318656363785,-0.243829369164509,1.0227435206655593,0.5426975259377494,302804.0555035004,2.028040555035004,0.0126262626262626,0.251204123375881,0.2020476150896637,1.2104864766467345,1.6926385381298927,-0.2426565084252293,1.0352251625399345,0.5442936951316839,305016.6152487344,2.050166152487344,{'rollout_len': 20}
MultiAgentA2C,0,NVDA,0.7075206709244928,0.5222299639532647,1.2838571509218633,2.069477315151448,-0.6633510012615962,1.0665856681890769,0.5371702637889688,159240.97089914177,13.33168738092276,0.0007974481658692,0.7077557454644565,0.5222351395616907,1.2841137884102634,2.069911508557211,-0.6633510012615961,1.0669400424788824,0.5371702637889688,159350.09239342247,13.341508315408024,
MultiAgentA2C,0,AAPL,0.0060582466287184,0.0090972260339662,0.6684419497345525,0.0,-0.0003499999999999,17.309276082054637,0.5,11450.136439404156,0.0305122795463739,0.0023923444976076,0.0064807154596455,0.0093352196961765,0.6966067525290043,0.0,0.0,0.0,1.0,11474.08292448671,0.0326674632038039,
MultiAgentA2C,0,MSFT,0.1209296903481942,0.2064570057232559,0.6557210293986646,0.9562078003817752,-0.3619564225112824,0.3341001369976375,0.5211492418196328,19609.60817706066,0.7648647359354594,0.0769537480063795,0.1362593305470241,0.2063874763758034,0.7217145346383416,1.0523823386263356,-0.3560632259655257,0.3826829636156159,0.5256,20980.89020927687,0.8882801188349183,
MultiAgentA2C,0,JPM,0.1086909295914972,0.1197987071134125,0.9212561261001848,1.2777387728572502,-0.2290861992518301,0.4744542881521003,0.5356564019448946,18567.0559670772,0.6710350370369482,0.0083732057416267,0.1103274246217971,0.1198109878708051,0.9334897266729668,1.2929831753216752,-0.2247630747615157,0.4908609865693453,0.5400326797385621,18703.834736712408,0.6833451263041166,
MultiAgentA2C,0,BAC,-0.1969348560508672,0.2667664132352655,-0.6882485276134136,-0.972500975330284,-0.6709290506789587,-0.2935256058022461,0.4842105263157895,3730.604508282723,-0.6642455942545549,0.0119617224880382,-0.1952436172842601,0.2667970335893201,-0.6802607241816726,-0.9613757648723712,-0.6677005689881013,-0.2924119378543459,0.4869706840390879,3769.86436303292,-0.6607122073270373,
MultiAgentA2C,0,MS,0.126824296781981,0.1390926066523967,0.928055784495768,1.3244429701498317,-0.1718252357100121,0.73810052555971,0.5295566502463054,20128.148728186006,0.8115333855367406,0.009170653907496,0.1286441929119444,0.1391152844515998,0.9395330070946094,1.3402596818618953,-0.1706640452898739,0.7537861457194541,0.5352112676056338,20290.43646390287,0.8261392817512585,
MultiAgentA2C,0,CAT,0.2850629488829006,0.292884621537967,1.0024101324039087,1.5294731874507523,-0.3404715681164105,0.8372591886598731,0.5291300877893057,38706.69256814654,2.4836023311331887,0.0007974481658692,0.2852423266173896,0.2928878250122419,1.0028794542727215,1.530206013495043,-0.3404715681164096,0.8377860395081894,0.5291300877893057,38733.58609209804,2.4860227482888235,
MultiAgentA2C,0,RTX,0.1117721954382315,0.1249914772506084,0.9102348767287736,1.2573817198590715,-0.2356203633993761,0.4743740898522336,0.5261464199517297,18825.257198336138,0.694273147850252,0.020334928229665,0.1157632088128086,0.1250126852356628,0.9387741972411332,1.2969612647961597,-0.2286256058619136,0.5063440220371811,0.5261464199517297,19163.949043792534,0.7247554139413281,
MultiAgentA2C,0,BA,0.0247009061248373,0.184093564070364,0.2244860018704342,0.3224242117770354,-0.3272620593471329,0.0754774512331618,0.4996003197442046,12545.581017865172,0.1291022916078654,0.0003987240829346,0.0247714430851138,0.1841018371308746,0.2248579576478431,0.3229729570908701,-0.3272620593471326,0.0756929878597332,0.4996003197442046,12549.879022009563,0.1294891119808607,
MultiAgentPPO,0,PORTFOLIO,0.2021992011582658,0.1694159882999598,1.1719375073792364,1.6914701643452428,-0.2600524306678489,0.7775324408196903,0.5570630486831604,250021.85579717928,1.5002185579717926,0.0029239766081871,0.2034966118740582,0.1695540301576512,1.1774864017863689,1.7000164954393415,-0.2597698469898069,0.7833727210150115,0.5570630486831604,251367.43049842145,1.5136743049842143,"{'rollout_len': 64, 'clip_eps': 0.18638900372842315, 'gae_lambda': 0.9262106226178238}"
MultiAgentPPO,0,NVDA,0.4311674252353727,0.3068000244004407,1.321262148969181,2.104672305148405,-0.4305438371001211,1.0014483731539436,0.536741214057508,66145.87849792969,4.953129064813672,0.0211323763955342,0.4365143026972884,0.3067850678825783,1.3334775827351384,2.125250301642157,-0.428532952191384,1.018624823283928,0.5371702637889688,67384.7757680095,5.064629819120855,
MultiAgentPPO,0,AAPL,0.1680532644082732,0.2786110674528599,0.6962508326391493,1.0230610715347015,-0.3336051402453712,0.5037490258233663,0.532,24069.35622619607,1.166242060357646,0.0007974481658692,0.1682156350713903,0.2786167487330683,0.6967415219498436,1.0238029598178606,-0.333605140245371,0.5042357409351232,0.532,24086.01052723436,1.1677409474510925,
MultiAgentPPO,0,MSFT,0.1855017560563183,0.2571136719207451,0.7902183311521241,1.171519721475169,-0.3714847681017325,0.4993522534025352,0.5247603833865815,25912.476572547963,1.3321228915293166,0.0007974481658692,0.1856684297609379,0.2571135666610013,0.7907657664215515,1.172330828901088,-0.3714847681017329,0.4998009224165328,0.5247603833865815,25930.61051344714,1.3337549462102425,
MultiAgentPPO,0,JPM,0.1220514719379828,0.1213677202863347,1.0096379241291855,1.427924609144718,-0.2097663405893279,0.58184488319282,0.5391373801916933,19707.4579721601,0.7736712174944089,0.0003987240829346,0.1221301937144363,0.1213689146408234,1.0102075021207793,1.4287442195765203,-0.2097663405893284,0.5822201663589948,0.5391373801916933,19714.33926891787,0.7742905342026081,
MultiAgentPPO,0,BAC,0.1580728147392871,0.2705126322894092,0.6778389008392846,1.0166998347006575,-0.466429288304959,0.3388998476355039,0.5132530120481927,23063.18614310008,1.0756867528790073,0.0007974481658692,0.158234549931324,0.2705160572565247,0.6783503243825574,1.0174798080392002,-0.4664292883049581,0.3392465994285247,0.5132530120481927,23079.21880173349,1.077129692156014,
MultiAgentPPO,0,MS,0.1306336872715916,0.1415724943816147,0.938095831953281,1.3738082002588434,-0.1729736293771029,0.7552231385906506,0.5328,20469.042451185534,0.8422138206066985,0.0003987240829346,0.1307125574240324,0.1415763656025488,0.938566979462421,1.374535764025421,-0.1729736293771032,0.7556791049291298,0.5328,20476.148783480476,0.8428533905132427,
MultiAgentPPO,0,CAT,0.2850629488829006,0.292884621537967,1.0024101324039087,1.5294731874507523,-0.3404715681164105,0.8372591886598731,0.5291300877893057,38706.69256814654,2.4836023311331887,0.0007974481658692,0.2852423266173896,0.2928878250122419,1.0028794542727215,1.530206013495043,-0.3404715681164096,0.8377860395081894,0.5291300877893057,38733.58609209804,2.4860227482888235,
MultiAgentPPO,0,RTX,0.1251502071659962,0.1184552236272606,1.0549455946366688,1.4343398211050913,-0.1771260182620029,0.7065602693155749,0.5293644408688657,19979.78061655328,0.7981802554897954,0.0003987240829346,0.125228792580726,0.118459123362171,1.0555046138002948,1.4351471283028017,-0.1771260182620024,0.7070039388312184,0.5293644408688657,19986.72573186563,0.7988053158679069,
MultiAgentPPO,0,BA,0.015040992244683,0.368187128140728,0.2244860018704342,0.3224242117770354,-0.569597683570843,0.026406343773012,0.4996003197442046,11967.98474936002,0.0771186274424018,0.0007974481658692,0.0151778214795152,0.3682036742617492,0.2248579576478431,0.3229729570908701,-0.569597683570843,0.0266465646144566,0.4996003197442046,11976.015011634909,0.0778413510471416,
MultiAgentDQN,0,PORTFOLIO,-0.1375906715157592,0.1325970799581723,-1.0498312268943255,-1.5867100721672232,-0.5277060573915409,-0.2607335458604967,0.4581005586592179,47873.79545611405,-0.5212620454388595,0.0239234449760765,-0.115465481134477,0.1333403836842371,-0.8533786367130858,-1.294097652565394,-0.4646263367046501,-0.2485125616283676,0.4604948124501197,54305.35098182122,-0.4569464901817878,"{'rollout_len': 32, 'epsilon_decay_frac': 0.5394633936788146}"
MultiAgentDQN,0,NVDA,-0.6338051219821568,0.5141790855163683,-1.688530876812387,-2.317128088897897,-0.9945494602083836,-0.6372786345380533,0.4540367705835332,74.93878048539729,-0.9932555097563144,0.1977671451355661,-0.6207389524733937,0.5141654368368662,-1.6207257003314006,-2.2277040366539853,-0.9935741177629176,-0.6247535451819326,0.4556354916067146,89.22241450176367,-0.9919699826948412,
MultiAgentDQN,0,AAPL,0.0515898807206456,0.1670884582685,0.3845328840599431,0.5250735518175467,-0.2151362990902789,0.2398009119743974,0.5192,14271.490401598992,0.2844341361439093,0.1622807017543859,0.0820838280998332,0.1673133210061667,0.5551101489233261,0.7617962693914814,-0.1765954513339148,0.4648128107480264,0.524,16453.045061612323,0.480774055545109,
MultiAgentDQN,0,MSFT,-0.0781735373186293,0.2573646214997693,-0.1878281678244609,-0.2893599552081098,-0.5617124707565622,-0.1391700227223699,0.4800319488817891,7410.457703525008,-0.3330588066827493,0.0869218500797448,-0.0639374347820217,0.2574242190384608,-0.1282214668392917,-0.197720350870889,-0.5598503419679159,-0.1142045114365329,0.4824281150159744,7997.699730279063,-0.2802070242748843,
MultiAgentDQN,0,JPM,-0.2358598747274035,0.2237537143895302,-1.0893820256746591,-1.5648457263006097,-0.7671672295334275,-0.3074425831130036,0.4503631961259079,2913.426806634897,-0.7377915874028593,0.0837320574162679,-0.2244739502425594,0.2237473194291446,-1.023399700563471,-1.4718186310185128,-0.7599305385192494,-0.2953874582800088,0.4595257563368765,3135.9425596514775,-0.717765169631367,
MultiAgentDQN,0,BAC,-0.0837511632250648,0.2453769860783492,-0.233868771165041,-0.3430353183648503,-0.5752294214929331,-0.1455961049553056,0.4935794542536115,7190.0037022034085,-0.3528996668016932,0.1610845295055821,-0.0573465948267318,0.2454455502173428,-0.1180331164117115,-0.1733533397439058,-0.5585735956227226,-0.1026661397461857,0.4987893462469733,8281.869056705906,-0.2546317848964685,
MultiAgentDQN,0,MS,-0.2584338115215605,0.2784796081523835,-0.9331941660869052,-1.319616730507673,-0.7785604237715089,-0.3319380277122915,0.4652665589660743,2509.5667945423984,-0.7741389884911841,0.0334928229665071,-0.2540504098881868,0.2785629633292566,-0.9117055932180572,-1.289714129587332,-0.7721323195709581,-0.3290244475575794,0.4694376528117359,2584.256489207392,-0.7674169159713348,
MultiAgentDQN,0,CAT,-0.2236924795751478,0.2927265199970614,-0.71747544151093,-0.9844193180508838,-0.7844937761596233,-0.2851424528441796,0.4876296887470072,3151.698757345246,-0.7163471118389279,0.1706539074960127,-0.2000210218138843,0.2930755486016884,-0.6139056661430285,-0.8431010686738445,-0.7679497205557839,-0.2604610906937036,0.4888178913738019,3659.805600456162,-0.6706174959589454,
MultiAgentDQN,0,RTX,-0.1413668570170854,0.1223260845606351,-1.1844671561961253,-1.5964522584931409,-0.54392585870086,-0.259900967669993,0.4624090541632983,5204.412837588796,-0.5316028446170085,0.020334928229665,-0.1382782069257181,0.1223158598207485,-1.1552397896356836,-1.5565850955132987,-0.5358671324926716,-0.258045695548624,0.4662327095199349,5298.24152343473,-0.5231582628908743,
MultiAgentDQN,0,BA,-0.1432520336224237,0.3305299779844922,-0.3024607552378833,-0.4406227973616758,-0.6375207897128372,-0.2247017445296956,0.4801619433198381,5147.799672189913,-0.5366980295029078,0.3181818181818182,-0.0938213793974199,0.3307481471962663,-0.1325633247362077,-0.1932382978057424,-0.5862076264985709,-0.1600480361502916,0.4938574938574938,6805.268545972398,-0.3875258308624841,
GARL_DDAL,0,PORTFOLIO,0.1998119342630913,0.1957024529845931,1.0289343648075682,1.3661506883199872,-0.2373574953096037,0.841818515157742,0.5235434956105347,247561.00676596595,1.4756100676596595,0.0208665603402445,0.2014821905118544,0.1944214683680231,1.0415938040575083,1.381959129959183,-0.2355494519930232,0.855371085804191,0.524341580207502,249280.70055941996,1.4928070055941998,{'rollout_len': 20}
GARL_DDAL,0,NVDA,0.7075206709244928,0.5222299639532647,1.2838571509218633,2.069477315151448,-0.6633510012615962,1.0665856681890769,0.5371702637889688,159240.97089914177,13.33168738092276,0.0007974481658692,0.7077557454644565,0.5222351395616907,1.2841137884102634,2.069911508557211,-0.6633510012615961,1.0669400424788824,0.5371702637889688,159350.09239342247,13.341508315408024,
GARL_DDAL,0,AAPL,0.091115704061248,0.1387733003684472,0.6976184990293061,1.0194670370517225,-0.179614218156271,0.5072855868346346,0.5265273311897106,17147.85636393388,0.543307072754049,0.0083732057416267,0.0927308055490685,0.1387544206757751,0.7083583681335065,1.0348871565708138,-0.179614218156271,0.5162776449489612,0.5307941653160454,17274.538068130725,0.5547084261317652,
GARL_DDAL,0,MSFT,-0.21294339012666,0.2421647016921043,-0.8667537400042988,-1.1489718881058957,-0.7071771915730236,-0.3011174464676883,0.448695652173913,3374.919293375204,-0.6962572635962316,0.0757575757575757,-0.2023476965856798,0.2421761180488772,-0.8115314016444636,-1.070469423977117,-0.6881237711425996,-0.2940571232551526,0.471441523118767,3607.1431669517942,-0.6753571149743385,
GARL_DDAL,0,JPM,-0.0193476579934959,0.0297660256625119,-0.6412985115016686,-0.165484874706047,-0.0926447186189598,-0.208837139147362,0.3472222222222222,10081.725348678225,-0.0926447186189598,0.0175438596491228,-0.0163017075850736,0.0295617311889964,-0.5410431143673182,-0.121375540736716,-0.0788228164904749,-0.2068145787082294,0.5,10238.516450853116,-0.0785335194232196,
GARL_DDAL,0,BAC,-0.1994499576238502,0.2551141936974936,-0.7438721086324805,-1.0297838190906994,-0.6760257282292539,-0.2950330871966647,0.4828451882845188,3672.8246031114377,-0.6694457857199706,0.0199362041467304,-0.1966220312497458,0.2550876916457981,-0.7301629709949765,-1.0110593512573436,-0.6705232573380988,-0.2932367059575427,0.4894336432797971,3737.841581091344,-0.663594257701779,
GARL_DDAL,0,MS,0.1129202208324335,0.1397942644939555,0.8352424001926289,1.2037968572291728,-0.1848913606094826,0.6107382219493612,0.5279352226720648,18922.18875157507,0.7029969876417563,0.0083732057416267,0.1145644142623034,0.139794868338173,0.8458045127657284,1.2186231113696278,-0.183750128204267,0.6234793705011578,0.5330612244897959,19061.70758133389,0.7155536823200499,
GARL_DDAL,0,CAT,-0.0015513845457675,0.003257050127126,-0.4750491018226891,-0.0239826662789565,-0.0076962108684388,-0.2015777078210725,0.0,11025.597657017346,-0.0076962108684388,0.0007974481658692,-0.0014104097944049,0.0030965102893781,-0.4542497035609345,-0.0183886788131748,-0.0069988153166348,-0.2015212190344154,0.0,11033.346496481836,-0.0069988153166348,
GARL_DDAL,0,RTX,0.0043740744607032,0.0240824142441274,0.1931386669621441,0.0853498058258977,-0.0338804378440885,0.1291032447937046,0.3857142857142857,11355.070351007022,0.0219563315906319,0.0143540669856459,0.0069196062820273,0.0241154907003587,0.2978708950965694,0.1242746691582012,-0.0315099646266128,0.2196005728354,0.5294117647058824,11499.002608297684,0.0349102347467915,
GARL_DDAL,0,BA,0.027870110602636,0.1614748679995529,0.250956332491197,0.323668006649923,-0.3036787620073152,0.0917749743788953,0.4651162790697674,12739.853498126024,0.146586814831342,0.0641945773524721,0.0395782039522212,0.1614514323120995,0.3211310260005572,0.4077247972715747,-0.3012367752148039,0.1313856979248269,0.5025125628140703,13478.512212857073,0.2130660991571364,
GARL_DDAL_SECTOR,0,PORTFOLIO,0.2254577682463021,0.2062884982581048,1.0889681775672582,1.4935534142909197,-0.2521875101157329,0.8940084627618391,0.533120510774142,275035.9120011306,1.7503591200113058,0.0207336523125996,0.2265141611593073,0.2052851533617773,1.097491741658264,1.503805665444984,-0.250529666719029,0.9041410708989795,0.5355147645650439,276217.74967347167,1.7621774967347168,{'rollout_len': 20}
GARL_DDAL_SECTOR,0,NVDA,0.7075206709244928,0.5222299639532647,1.2838571509218633,2.069477315151448,-0.6633510012615962,1.0665856681890769,0.5371702637889688,159240.97089914177,13.33168738092276,0.0007974481658692,0.7077557454644565,0.5222351395616907,1.2841137884102634,2.069911508557211,-0.6633510012615961,1.0669400424788824,0.5371702637889688,159350.09239342247,13.341508315408024,
GARL_DDAL_SECTOR,0,AAPL,0.0899710967152971,0.139303085764914,0.6879578761597424,1.010827108179407,-0.1796142181562708,0.5009129991981983,0.5308246597277823,17058.528529459476,0.5352675676513527,0.0011961722488038,0.0902013390544829,0.1393010565973015,0.6894826367876827,1.0130834203550811,-0.1796142181562708,0.5021948706533047,0.53125,17076.467237230238,0.5368820513507213,
GARL_DDAL_SECTOR,0,MSFT,-0.2294590394236985,0.2210744865893765,-1.067208139408496,-1.2664971226941386,-0.7334367183485349,-0.3128545840196914,0.4264705882352941,3036.906913544074,-0.7266783777810333,0.1411483253588516,-0.2100409557333926,0.2212339234998357,-0.9538949704094194,-1.110873556016324,-0.6985031387419747,-0.3007015202704497,0.4699570815450644,3437.307260400514,-0.6906423465639537,
GARL_DDAL_SECTOR,0,JPM,-0.0017654979381797,0.0065147110875582,-0.2679731562174384,-0.0267445255807506,-0.0172385691540091,-0.102415573033166,0.3333333333333333,11013.836986244289,-0.0087546712380142,0.0015948963317384,-0.0014847802077178,0.0065403930829329,-0.2239051935395835,-0.020978406266801,-0.0165502062665142,-0.0897136980535363,0.4285714285714285,11029.258099019762,-0.0073667710882214,
GARL_DDAL_SECTOR,0,BAC,-0.1771868429400539,0.2625483722991756,-0.6111884261153651,-0.8722119899097174,-0.6286438682149502,-0.2818556767970717,0.4855305466237942,4209.982261497539,-0.6211015964652216,0.0175438596491228,-0.1746340778238081,0.262545952530041,-0.5994066489544225,-0.8551609926508961,-0.623141219733697,-0.2802479956284051,0.4871175523349436,4275.380434133568,-0.6152157609279789,
GARL_DDAL_SECTOR,0,MS,0.1115768577966629,0.1342676935557774,0.8549618080019945,1.2210869258086727,-0.2253795213890209,0.4950620939693691,0.5218855218855218,18808.803772293464,0.6927923395064117,0.0187400318979266,0.115258353933026,0.1342515954097947,0.8796878078432366,1.256073573272353,-0.2242934726604765,0.5138729743932318,0.5330472103004292,19120.83826693387,0.7208754440240484,
GARL_DDAL_SECTOR,0,CAT,0.2811123909652624,0.2927756632258379,0.9921469472078596,1.5127252713584989,-0.3504994729427013,0.8020337052296164,0.5287539936102237,38118.17051140161,2.4306353460261447,0.0023923444976076,0.281652200150857,0.2927765555041217,0.9935853284248168,1.514815489920324,-0.3495883887037063,0.805668063505311,0.5291766586730615,38198.162389293015,2.437834615036371,
GARL_DDAL_SECTOR,0,RTX,0.0116615232481278,0.0187696618750237,0.6269285258492533,0.3316406221481293,-0.0114032839774,1.0226460440027243,0.4285714285714285,11771.011053010408,0.0593909947709367,0.011164274322169,0.0136538622563191,0.0188690616648793,0.7279966902644629,0.3191083657601088,-0.0114032839774,1.197362293474356,0.6,11886.819211209511,0.069813729008856,
GARL_DDAL_SECTOR,0,BA,0.0117770422408094,0.3675649914604869,0.2154855161541803,0.308716901447454,-0.569597683570843,0.0206760711647885,0.4996003197442046,11777.701074538014,0.0599930967084212,0.0063795853269537,0.0129091313703473,0.3675842721936286,0.2185357123071626,0.3130939664511226,-0.569597683570843,0.0226635952755621,0.4996003197442046,11843.4243818287,0.0659081943645829,
